Nome,Tags,Editado por último por
Rotina - Gestor de Mkt e Comercial,"Gestão Estratégica, Rotina",24 de março de 2025 19:42
Processo de Produção de Conteúdo,"Conteúdo, Gestão Estratégica",26 de novembro de 2024 18:29
Rotina - Redator,"Gestão Estratégica, Rotina",26 de novembro de 2024 18:29
Content Model - Gary Vee,"Conteúdo, Fundamentos",26 de novembro de 2024 18:29
Checklist para Redator,"Blog, Passo a passo",26 de novembro de 2024 18:29
Como escrever um artigo em 3 etapas,"Blog, Passo a passo",26 de novembro de 2024 18:29
Dotcom Secrets - Russell Brunson,"Fundamentos, Funil",26 de novembro de 2024 18:29
SEO Holístico,Blog,26 de novembro de 2024 18:29
Processo de Conteúdo para Blog,"Blog, Conteúdo, Fundamentos",26 de novembro de 2024 18:29
Como aplicar a Legibilidade SEO,Blog,26 de novembro de 2024 18:29
Fichamento Content Model - Gary Vee,"Conteúdo, Fundamentos",26 de novembro de 2024 18:29
Processo Detailed SEO,"Blog, Fundamentos",26 de novembro de 2024 18:29
Checklist para Otimização blog post,"Blog, Checklist",26 de novembro de 2024 18:29
Estrutura de texto para blog,"Blog, Modelo",26 de novembro de 2024 18:29
Como escrever conteúdo de qualidade,"Blog, Conteúdo",26 de novembro de 2024 18:29
Lista Palavras de Transição,"Blog, Conteúdo",26 de novembro de 2024 18:29
"Hook, Story, Offer - Russell Brunson","Fundamentos, Funil",28 de novembro de 2024 07:41
Processo para Atualização de Fotos,Conteúdo,27 de agosto de 2025 20:42